No,COUNTRY ,JANUARY,FEBRUARY,MARCH,APRIL,MAY,JUNE,JULY,AUGUST,SEPTEMBER,OCTOBER,NOVEMBER,DECEMBER,TOTAL 
1,"AFGHANISTAN, ISLAMIC REPUBLIC OF",83,150,112,40,108,44,47,78,34,41,52,72,861
2,"ALBANIA, REPUBLIC OF",14,15,5,16,12,15,11,19,14,13,12,31,177
3,"ALGERIA, PEOPLE'S DEMOCRATIC REPUBLIC OF",38,35,28,24,12,19,24,71,27,20,27,43,368
4,"ANDORRA, PRINCIPALITY OF",4,6,2,3,6,0,5,16,3,3,1,4,53
5,"ANGOLA, REPUBLIC OF",0,1,2,1,0,0,0,0,2,1,1,1,9
6,ANTIGUA & BARBUDA,1,5,2,2,1,1,2,1,1,1,0,3,20
7,ARGENTINA,236,254,271,300,122,50,71,54,92,87,169,103,"1,809"
8,"ARMENIA, REPUBLIC OF",180,87,75,66,53,87,105,102,123,88,79,165,"1,210"
9,AUSTRALIA,"9,452","5,693","8,932","14,023","4,873","9,997","8,801","8,239","8,746","6,912","10,299","14,961","110,928"
10,AUSTRIA,"2,833","3,156","2,573","1,103",637,543,"1,642","1,216",875,"1,036","1,692","2,014","19,320"
11,"AZERBAIJAN, REPUBLIC OF",78,30,109,19,16,13,30,30,24,36,19,108,512
,,,,,,,,,,,,,,
12,"BAHAMAS, COMMONWEALTH OF THE",1,4,4,24,6,1,0,5,3,0,0,0,48
13,"BAHRAIN, KINGDOM OF",588,147,195,151,108,245,392,432,99,90,103,308,"2,858"
14,"BANGLADESH, PEOPLE'S REPUBLIC OF",982,741,996,672,729,"1,030",857,"1,060",771,894,736,"1,019","10,487"
15,BARBADOS,4,2,3,3,3,0,0,1,0,2,0,0,18
16,"BELARUS, REPUBLIC OF",802,942,666,286,128,122,71,96,174,256,500,578,"4,621"
17,BELGIUM,"1,275","1,449","1,666","1,211",494,785,"3,681","1,994","1,384",816,"1,045","1,719","17,519"
18,BELIZE,2,1,1,2,0,0,1,1,0,6,0,2,16
19,BENIN,1,0,0,0,0,0,1,1,2,1,1,4,11
20,"BHUTAN, KINGDOM OF",110,72,37,42,30,41,49,48,38,29,47,136,679
21,BOLIVIA,6,5,17,9,2,8,4,9,6,4,5,6,81
22,BOSNIA & HERZEGOVINA,20,45,25,18,8,16,15,9,13,19,30,43,261
23,"BOTSWANA, REPUBLIC OF",9,4,4,4,0,3,4,5,1,0,1,13,48
24,"BRAZIL, FEDERATIVE REPUBLIC OF",226,156,357,786,124,116,117,98,102,125,298,269,"2,774"
25,"BRUNEI, NATION OF",4,3,17,6,6,5,13,10,4,7,5,11,91
26,BULGARIA,277,381,352,218,87,85,110,96,93,135,223,607,"2,664"
27,BURKINA FASO,2,1,0,4,1,0,1,1,3,2,0,4,19
28,BURUNDI ,1,0,0,0,0,0,1,1,1,11,1,2,18
,,,,,,,,,,,,,,
29,"CAMBODIA, KINGDOM OF",85,85,103,142,84,38,51,35,37,28,64,19,771
30,CAMEROON,2,0,1,1,0,4,2,2,4,5,2,1,24
31,CANADA,"5,682","3,999","5,113","4,972","3,297","4,676","6,017","5,440","2,903","2,406","3,496","4,680","52,681"
32,CAPE VERDE,1,0,0,0,0,0,2,1,1,0,0,1,6
33,CENTRAL AFRICAN REPUBLIC,0,0,0,0,0,0,1,0,0,0,0,0,1
34,CHAD,0,0,0,0,0,0,1,1,0,0,2,0,4
35,"CHILE, REPUBLIC OF",99,104,109,147,55,43,64,59,55,59,119,89,"1,002"
36,"CHINA, PEOPLE'S REPUBLIC OF","24,275","35,929","21,101","17,462","17,103","20,424","27,460","26,558","19,600","18,882","18,888","18,283","265,965"
37,"COLOMBIA, REPUBLIC OF",52,59,72,88,33,32,53,52,43,52,53,113,702
38,COMOROS,8,5,14,10,9,9,47,36,16,15,20,2,191
39,"CONGO, DEMOCRATIC REPUBLIC OF THE",1,2,5,4,3,4,1,3,3,3,0,4,33
40,"CONGO, REPUBLIC OF THE",0,1,0,0,0,0,1,1,2,0,2,0,7
41,"COSTA RICA, REPUBLIC OF",9,20,14,13,3,3,0,15,26,6,3,20,132
42,"COTE D'IVOIRE, REPUBLIC OF",1,3,1,1,2,2,3,2,1,1,2,1,20
43,CROATIA,481,276,209,163,92,70,129,125,83,112,147,294,"2,181"
44,"CUBA, REPUBLIC OF",3,2,5,6,3,3,2,1,4,3,12,8,52
45,"CYPRUS, REPUBLIC OF",55,53,51,45,43,44,91,98,37,32,51,72,672
46,CZECH REPUBLIC,"2,257","3,082","2,674","1,304",322,571,"1,050",637,889,688,"1,898","2,228","17,600"
,,,,,,,,,,,,,,
47,"DENMARK, KINGDOM OF","3,013","3,228","2,227",943,456,959,"2,951",925,576,994,943,"2,008","19,223"
48,"DJIBOUTI, REPUBLIC OF",1,1,4,1,0,0,0,0,0,1,0,1,9
49,"DOMINICA, COMMONWEALTH OF",4,9,3,3,1,3,4,3,1,1,7,10,49
50,DOMINICAN REPUBLIC,4,1,3,2,6,8,6,3,0,4,5,3,45
,,,,,,,,,,,,,,
51,"ECUADOR, REPUBLIC OF",7,15,10,43,0,5,2,12,8,13,5,16,136
52,"EGYPT, ARAB REPUBLIC OF",433,281,278,254,161,278,466,391,230,225,339,518,"3,854"
53,"EL SALVADOR, REPUBLIC OF",7,3,2,6,0,5,12,2,1,3,1,5,47
54,"ERITREA, STATE OF",8,12,10,3,4,5,3,2,7,2,3,12,71
55,ESTONIA,435,586,359,144,32,34,28,56,34,197,205,634,"2,744"
56,"ETHIOPIA, FEDERAL DEMOCRATIC REPUBLIC OF",18,19,24,12,28,9,22,17,10,13,21,14,207
,,,,,,,,,,,,,,
57,"FIJI, REPUBLIC OF",19,5,18,6,10,10,16,17,17,12,13,16,159
58,FINLAND,"1,854","1,499","1,036",371,230,298,242,211,231,368,688,"1,860","8,888"
59,FRANCE (FRENCH REPUBLIC),"12,221","16,871","14,818","7,411","3,721","3,688","11,303","11,016","4,316","4,784","6,825","9,475","106,449"
,,,,,,,,,,,,,,
60,GABON,0,2,0,0,0,1,1,1,0,0,0,0,5
61,"GAMBIA, THE",1,1,0,0,1,1,1,2,0,0,0,1,8
62,GEORGIA,85,82,63,82,44,26,37,35,79,48,56,60,697
63,GERMANY,"15,298","17,066","24,423","10,803","6,906","5,792","10,825","10,809","9,668","9,920","18,754","16,624","156,888"
64,"GHANA, REPUBLIC OF",9,6,13,10,8,9,8,6,14,22,15,7,127
65,GREECE,644,573,770,704,620,489,570,763,511,524,726,884,"7,778"
66,GRENADA,1,1,0,3,2,3,0,0,0,1,2,2,15
67,"GUATEMALA, REPUBLIC OF",9,4,5,5,4,3,5,6,7,6,3,3,60
68,"GUYANA, COOPERATIVE REPUBLIC OF",0,2,9,2,1,0,2,2,0,0,4,0,22
69,GUINEA- BISSAU,1,0,0,0,0,0,0,3,1,1,1,4,11
,,,,,,,,,,,,,,
70,"HAITI, REPUBLIC OF",1,1,2,0,0,1,1,1,2,0,1,0,10
71,"HONDURAS, REPUBLIC OF",9,3,5,0,5,2,3,3,4,8,2,5,49
72,HONG KONG,2,4,3,1,0,1,3,3,4,4,0,0,25
73,HUNGARY,894,870,517,231,103,138,163,183,147,337,301,630,"4,514"
,,,,,,,,,,,,,,
74,ICELAND,51,63,44,39,11,18,51,31,23,21,39,55,446
75,"INDIA, REPUBLIC OF","37,936","32,914","30,583","29,860","42,073","32,971","31,032","32,115","32,300","38,169","39,137","45,797","424,887"
76,"INDONESIA, REPUBLIC OF",535,350,589,352,470,349,468,471,381,472,414,514,"5,365"
77,"IRAN, ISLAMIC REPUBLIC OF",507,439,"1,716",239,268,332,710,580,230,255,196,248,"5,720"
78,"IRAQ, REPUBLIC OF",81,157,41,40,38,134,78,124,126,38,70,94,"1,021"
79,IRELAND,975,839,"1,470",922,384,710,"1,104",823,758,635,890,"1,320","10,830"
80,"ISRAEL, STATE OF","1,321","1,253","1,255",513,399,699,"1,345","1,976","2,778",466,703,"1,125","13,833"
81,ITALY,"5,348","4,843","4,157","2,266","1,058","1,367","3,247","5,747","1,654","1,540","1,976","5,176","38,379"
,,,,,,,,,,,,,,
82,JAMAICA,9,7,22,8,6,7,7,14,7,4,4,7,102
83,JAPAN,"4,694","5,263","4,629","3,512","4,229","3,074","3,798","5,625","4,480","2,831","2,658","4,657","49,450"
84,"JORDAN, THE HASHEMITE KINGDOM OF",366,254,299,241,117,268,230,314,200,181,294,392,"3,156"
,,,,,,,,,,,,,,
85,"KAZAKHSTAN, REPUBLIC OF",674,407,370,158,73,67,112,77,132,86,134,431,"2,721"
86,"KENYA, REPUBLIC OF",64,35,48,49,59,44,95,61,55,111,58,195,874
87,KIRIBATI,1,0,0,0,0,1,1,0,0,0,0,0,3
88,KOSOVO,0,3,2,8,0,1,5,3,6,0,0,4,32
89,"KUWAIT, STATE OF",545,403,240,249,143,226,335,599,154,157,201,213,"3,465"
90,KYRGYZSTAN,109,46,107,10,17,28,28,14,18,18,17,47,459
,,,,,,,,,,,,,,
91,"LAO, PEOPLE'S DEMOCRATIC REPUBLIC",9,7,20,13,39,7,3,23,7,10,16,4,158
92,LATVIA,268,219,261,172,73,73,33,56,124,102,235,324,"1,940"
93,LEBANON,358,542,561,676,225,365,546,630,367,179,427,645,"5,521"
94,LESOTHO,0,0,0,4,0,0,2,1,0,0,0,0,7
95,LIBERIA,0,0,1,1,4,1,0,0,2,3,0,0,12
96,"LIBYA, STATE OF",7,8,8,9,9,13,6,6,8,10,8,5,97
97,"LIECHTENSTEIN, PRINCIPALITY OF",5,10,23,10,6,5,13,6,7,6,11,24,126
98,LITHUANIA,382,570,402,241,203,224,163,118,142,231,288,422,"3,386"
99,LUXEMBOURG,87,77,112,78,20,17,82,177,41,29,68,79,867
,,,,,,,,,,,,,,
100,"MACEDONIA, REPUBLIC OF",44,34,34,20,13,15,38,19,26,16,16,35,310
101,MADAGASCAR,5,6,4,8,8,3,8,9,23,3,9,11,97
102,MALAWI,5,1,7,1,3,0,3,1,3,2,2,6,34
103,MALAYSIA,"1,735","1,744","1,994","1,827","1,604","2,389","1,666","2,101","1,903","1,437","2,101","2,307","22,808"
104,"MALDIVES, REPUBLIC OF","6,124","4,726","7,239","5,696","4,343","5,362","6,348","6,880","4,695","5,223","7,418","12,054","76,108"
105,"MALI, REPUBLIC OF",2,1,0,2,1,0,2,1,1,2,4,1,17
106,MALTA,47,35,68,34,13,14,53,51,56,13,38,87,509
107,"MARSHALL ISLANDS, REPUBLIC OF THE",0,1,0,0,1,0,0,1,0,0,1,0,4
108,"MAURITANIA, ISLAMIC REPUBLIC OF",1,1,1,0,0,0,0,0,0,0,0,0,3
109,"MAURITIUS, REPUBLIC OF",56,100,60,40,24,34,72,32,79,28,97,98,720
110,MEXICO,84,87,180,496,72,60,76,68,73,79,112,116,"1,503"
111,"MICRONESIA, FEDERATED STATES OF",0,1,0,0,0,0,0,0,0,1,0,1,3
112,"MOLDOVA, REPUBLIC OF",100,56,68,30,18,11,14,23,26,11,42,53,452
113,"MONACO, PRINCIPALITY OF",5,7,9,1,1,1,2,8,0,2,1,24,61
114,MONGOLIA,21,9,23,10,6,10,21,8,24,9,22,18,181
115,MONTENEGRO,17,21,14,11,11,24,8,18,17,11,65,14,231
116,"MOROCCO, KINGDOM OF",86,101,97,98,31,60,72,127,63,73,81,147,"1,036"
117,"MOZAMBIQUE, REPUBLIC OF",2,24,1,2,0,1,3,5,2,4,1,7,52
118,"MYANMAR, REPUBLIC OF THE UNION OF",372,123,172,309,113,127,230,695,159,138,372,431,"3,241"
,,,,,,,,,,,,,,
119,"NIGER,REPUBLIC OF",0,0,1,0,0,0,0,0,0,0,0,0,1
120,NAMIBIA,5,3,19,6,1,5,0,6,3,3,0,20,71
121,NAURU,0,1,0,0,0,0,,0,0,0,0,0,1
122,"NEPAL, FEDERAL DEMOCRATIC REPUBLIC OF",566,401,367,366,472,444,352,444,377,642,391,480,"5,302"
123,NETHERLANDS,"5,061","4,739","4,532","3,989","2,051","2,350","13,342","6,182","4,049","3,222","3,320","4,323","57,160"
124,NETHERLAND ANTILLES,0,0,1,0,0,0,0,0,0,0,0,0,1
125,NEW ZEALAND,989,655,"1,004","1,540",620,"1,613","1,376","1,091",923,947,"1,129","1,938","13,825"
126,NICARAGUA,4,0,5,6,1,1,2,0,1,2,3,3,28
127,NIGER,0,0,0,1,1,0,2,0,1,0,0,0,5
128,"NIGERIA, FEDERAL REPUBLIC OF",44,38,42,28,39,22,24,28,47,36,37,27,412
129,NORTH KOREA,0,2,0,0,0,0,0,0,0,0,0,0,2
130,"NORWAY, KINGDOM OF","1,851","1,722","1,784",690,511,"2,272","3,067",952,605,821,"1,090","1,852","17,217"
,,,,,,,,,,,,,,
131,"OMAN, SULTANATE OF",842,573,268,306,84,539,"2,171",965,305,209,310,274,"6,846"
,,,,,,,,,,,,,,
132,"PAKISTAN, ISLAMIC REPUBLIC OF","2,099","1,734","1,589","1,384","1,150","1,454","1,924","1,709","1,225","1,381","1,401","2,066","19,116"
133,PALAU,0,0,0,0,0,0,0,5,0,0,0,0,5
134,PALESTINIAN TERRITORIES,114,65,62,51,52,113,167,163,60,77,74,80,"1,078"
135,"PANAMA, REPUBLIC OF",5,7,2,10,3,5,0,3,1,5,9,4,54
136,PAPUA NEW GUINEA,5,0,11,7,2,6,8,18,3,3,8,13,84
137,PARAGUAY,0,0,7,3,0,1,1,2,0,3,2,3,22
138,"PERU, REPUBLIC OF",27,50,32,32,21,6,20,21,20,20,20,32,301
139,"PHILIPPINES, REPUBLIC OF","1,667","1,744","1,775","1,631","1,656","1,673","1,681","1,723","1,306","1,460","1,560","1,427","19,303"
140,POLAND,"3,254","3,195","1,676","1,163",661,710,"1,281","1,021","1,117","1,109","2,658","2,533","20,378"
141,PORTUGAL,486,581,537,524,191,253,337,653,334,601,574,862,"5,933"
,,,,,,,,,,,,,,
142,"QATAR, STATE OF",268,75,63,111,53,183,267,379,56,59,51,111,"1,676"
,,,,,,,,,,,,,,
143,ROMANIA,935,943,561,469,150,205,211,280,303,349,483,"1,042","5,931"
144,RUSSIAN FEDERATION,"11,569","11,043","9,089","4,027","1,264","1,135","1,162","1,174","1,590","3,096","8,090","11,258","64,497"
145,RWANDA,1,3,1,0,1,0,1,6,0,1,1,3,18
,,,,,,,,,,,,,,
146,SAINT KITTS & NEVIS,6,3,4,2,3,0,1,9,3,4,2,10,47
147,SAINT LUCIA,0,2,0,1,0,1,0,1,0,1,0,1,7
148,SAINT VINCENT & THE GRENADINES,0,0,2,1,0,0,0,0,0,0,0,0,3
149,SAMOA,0,0,0,0,1,1,1,0,1,0,0,0,4
150,"SAN MARINO, REPUBLIC OF",1,16,7,0,0,2,0,0,1,0,0,1,28
151,SAO TOME AND PRINCIPE,0,0,0,0,0,1,0,0,0,0,0,0,1
152,"SAUDI ARABIA, KINGDOM OF","4,397","1,065",997,"1,263",666,"5,422","8,409","6,517","1,432","1,030",849,"2,656","34,703"
153,"SENEGAL, REPUBLIC OF",5,6,4,2,4,3,3,4,3,1,3,2,40
154,"SERBIA, REPUBLIC OF",285,282,184,123,47,60,89,115,74,74,178,293,"1,804"
155,SEYCHELLES,0,0,0,411,0,2,0,0,2,0,0,1,416
156,SIERRA LEONE,1,1,2,1,0,1,3,1,3,3,3,0,19
157,"SINGAPORE, REPUBLIC OF","1,387","1,469","1,809","1,357","1,461","1,979","1,563","1,904","1,520","1,219","1,669","2,524","19,861"
158,SLOVAK REPUBLIC,760,820,896,494,153,145,218,259,205,267,543,529,"5,289"
159,SLOVENIA,380,754,271,453,51,107,428,185,174,417,195,487,"3,902"
160,SOLOMAN ISLANDS,1,0,0,1,0,5,0,3,1,2,0,0,13
161,"SOMALIA, FEDERAL REPUBLIC OF",9,6,9,5,3,11,6,4,12,4,9,14,92
162,"SOUTH AFRICA, REPUBLIC OF",588,562,791,742,259,520,598,457,413,354,380,"1,752","7,416"
163,SOUTH KOREA,"2,493","1,359","1,398",825,892,963,"1,444","1,583",970,"1,066","1,444","1,311","15,748"
164,"SOUTH SUDAN, REPUBLIC OF",0,1,0,2,1,0,0,1,5,0,0,7,17
165,SPAIN,"1,388","1,680","2,452","2,072","1,002","1,516","3,357","5,782","2,926","2,178","2,604","2,251","29,208"
166,SUDAN,59,49,53,37,52,100,115,67,142,24,88,72,858
167,SURINAME,1,3,0,1,1,1,0,5,8,4,4,0,28
168,SWAZILAND,0,1,1,9,1,0,2,0,0,0,1,1,16
169,SWEDEN,"5,586","4,533","3,109","1,073",471,889,"1,206",665,651,"1,234","2,016","6,834","28,267"
170,SWITZERLAND,"3,104","3,234","3,682","2,845","1,128","1,342","5,460","1,744","1,824","1,974","3,531","4,097","33,965"
171,SYRIAN ARAB REPUBLIC,19,8,24,32,6,3,2,5,13,25,23,49,209
,,,,,,,,,,,,,,
172,TAIWAN (REPUBLIC OF CHINA),928,"1,152",700,607,565,412,924,794,474,465,569,597,"8,187"
173,"TAJIKISTAN, REPUBLIC OF",25,7,25,8,3,4,4,0,7,6,11,2,102
174,"TANZANIA, UNITED REPUBLIC OF",18,20,16,15,16,29,13,25,10,18,22,25,227
175,"THAILAND, KINGDOM OF",785,566,"1,028",691,745,870,807,823,658,581,593,"1,031","9,178"
176,"TIMOR-LESTE, DEMOCRATIC REPUBLIC OF",1,3,3,5,1,2,9,16,3,3,1,1,48
177,TOGO,3,0,0,2,0,1,1,0,1,2,0,0,10
178,TONGA,0,0,0,0,0,1,2,2,0,2,1,2,10
179,TRINIDAD & TOBAGO,5,9,10,8,4,9,16,2,7,6,21,8,105
180,"TUNISIA, REPUBLIC OF",71,62,105,56,29,39,49,45,57,29,66,104,712
181,"TURKEY, REPUBLIC OF",658,632,365,244,288,169,249,375,181,234,236,631,"4,262"
182,TURKMENISTAN,15,9,11,3,1,0,13,5,1,8,5,6,77
183,TUVALU,0,0,0,2,0,3,1,0,0,1,0,0,7
,,,,,,,,,,,,,,
184,UGANDA,15,22,5,5,6,5,13,11,6,16,19,13,136
185,UKRAINE,"6,636","5,138","3,532","2,448","1,386","1,191","1,409","1,513","2,292","2,687","3,449","4,834","36,515"
186,UNITED ARAB EMIRATES,336,247,420,291,230,488,"1,199","1,045",279,296,412,542,"5,785"
187,UNITED KINGDOM,"22,940","23,817","30,366","26,063","9,337","12,104","25,208","23,643","14,226","17,673","21,971","26,828","254,176"
188,UNITED STATES OF AMERICA,"7,501","5,984","9,701","8,679","4,123","4,979","7,164","4,410","4,406","3,714","5,799","8,848","75,308"
189,"URUGUAY, ORIENTAL REPUBLIC OF",13,3,16,34,6,3,3,8,7,7,9,11,120
190,"UZBEKISTAN, REPUBLIC OF",69,88,48,24,26,30,70,36,74,40,44,47,596
,,,,,,,,,,,,,,
191,"VANUATU, REPUBLIC OF",0,1,1,4,1,3,2,2,1,1,1,0,17
192,"VATICAN CITY, STATE OF",0,0,0,0,0,0,0,0,0,0,0,0,0
193,"VENEZUELA, BOLIVARIAN REPUBLIC OF",12,18,18,40,16,11,11,33,11,18,13,26,227
194,VIETNAM,237,380,330,342,269,212,241,298,222,272,200,186,"3,189"
,,,,,,,,,,,,,,
195,"YEMEN, REPUBLIC OF",126,69,64,62,62,156,249,244,57,76,74,128,"1,367"
196,"ZAMBIA, REPUBLIC OF",2,7,12,3,6,5,11,5,6,8,45,9,119
197,"ZIMBABWE, REPUBLIC OF ",10,19,27,11,16,9,46,19,35,12,17,26,247
TOTAL,,"238,924","235,618","233,382","180,429","129,466","146,828","217,829","200,359","149,087","153,123","195,582","253,169","2,333,796"
